Status,Hostname,Last User,Groups,Internal IP,OS,Serial Number,Room,ShipDate,Warranty Expiration,Model,Type,AssetsTag,Notes
,1ACF-1211-PC05,1ACF-1211-PC05\Suphawadee,"ACF_SM, All_GLB",192.168.6.146,Microsoft Windows 11 Pro 10.0.26200,7BXHL24,ACF,2024-05,2029-05-06T00:00:00Z,OptiPlex AIO 7420 65W,Desktop,F02 2405 1030508 ACF21050001#1211,
,1ACF-1211-PC14,1ACF-1211-PC14\vorrawee,"ACF_SM, All_GLB",192.168.10.20,Microsoft Windows 11 Home Single Language 10.0.26200,5XT5JK2,ACF,2022-05,2026-03-29T00:00:00Z,Inspiron 24 5415 All-in-One,Desktop,F02 2205 1029277 ACF21050001#1211,
,1ACF-1211-PC15,1ACF-1211-PC15\User_ACF,"ACF_SM, All_GLB",192.168.6.50,Microsoft Windows 11 Home Single Language 10.0.26200,BXT5JK2,ACF,2022-05,2026-03-29T00:00:00Z,Inspiron 24 5415 All-in-One,Desktop,F02 2205 1029279 ACF21050001#1211,
,1ACF-Bussaraporn,1ACF-BUSSARAPOR\bussaraporn,"ACF_SM, All_GLB",192.168.6.106,Microsoft Windows 11 Pro 10.0.22631,8WLTR34,ACF,2024-08,2029-08-04T00:00:00Z,OptiPlex AIO Plus 7410,Desktop,F02 2408 1030684 ACF21050001 #1211,
,1ACF-Jittraporn,1ACF-JITTRAPORN\jittraporn,"ACF_SM, All_GLB",192.168.6.60,Microsoft Windows 11 Home Single Language 10.0.26200,6VT5JK2,ACF,2022-05,2026-03-29T00:00:00Z,Inspiron 24 5415 All-in-One,Desktop,F02 2205 1029278 ACF21050001#1211,
,1ACF-MALI,1ACF-MALI\mali,"ACF_SM, All_GLB",192.168.4.218,Microsoft Windows 11 Pro 10.0.26200,4WLTR34,ACF,2024-06,2029-09-11T00:00:00Z,OptiPlex AIO Plus 7410,Desktop,,
,1ACF-Mayuree,1ACF-MAYUREE\mayuree,"ACF_SM, All_GLB",192.168.6.57,Microsoft Windows 11 Home Single Language 10.0.26200,4YT5JK2,ACF,2022-05,2026-03-29T00:00:00Z,Inspiron 24 5415 All-in-One,Desktop,F02 2205 1029280 ACF21050001 #121,
,1ACF-SAKUNTALA,1ACF-SAKUNTALA\Sakuntala,"ACF_SM, All_GLB",192.168.10.30,Microsoft Windows 11 Pro 10.0.26200,4TLTR34,ACF,2024-11,2029-11-24T00:00:00Z,OptiPlex AIO Plus 7410,Desktop,F02 2411 1030964 ACF2105001#1211,
,1ACF-SOMBOON,1ACF-SOMBOON\somboon,"ACF_SM, All_GLB",192.168.4.57,Microsoft Windows 11 Pro 10.0.26200,1YLTR34,ACF,2024-08,2029-08-04T00:00:00Z,OptiPlex AIO Plus 7410,Desktop,F02 2408 1030686 ACF21050001#1211,
,1ACF-SOPA,1ACF-SOPA\sopa,"ACF_SM, All_GLB",192.168.6.46,Microsoft Windows 11 Home Single Language 10.0.26200,DXT5JK2,ACF,2022-05,2026-03-29T00:00:00Z,Inspiron 24 5415 All-in-One,Desktop,F02 2205 1029275 ACF21050001#1211,
,1ACF-THAVIL,1ACF-THAVIL\thavil,"ACF_SM, All_GLB",192.168.6.45,Microsoft Windows 11 Home Single Language 10.0.26200,1YT5JK2,ACF,2022-05,2026-03-29T00:00:00Z,Inspiron 24 5415 All-in-One,Desktop,F02 2205 1029276 ACF21050001#1211,
,1ACF-VARAPORN,1ACF-VARAPORN\varaporn,"ACF_SM, All_GLB",192.168.6.48,Microsoft Windows 11 Pro 10.0.26200,7VLTR34,ACF,2024-11,2029-11-24T00:00:00Z,OptiPlex AIO Plus 7410,Desktop,F02 2411 1030964 ACF2105001#1211,
,1ECM-Paradee,1ECM-PARADEE\Paradee,"All_GLB, ECM",192.168.10.183,Microsoft Windows 11 Pro 10.0.26200,DD1R0D4,ECM,2026-01,2031-01-26T00:00:00Z,Dell Pro Max Tower T2 FCT2250,Desktop,F02 2601 1032698 ECM2020401 #10101,
New Computer,1EEE-AIO-003,1EEE-AIO-003\Manatsanan,"All_GLB, EEE_SM",192.168.6.81,Microsoft Windows 11 Pro 10.0.26200,G461V34,EEE,2024-06,2029-06-30T00:00:00Z,OptiPlex AIO 7420 65W,Desktop,,
New Computer,1EEE-Nattaphat,1EEE-NATTAPHAT\Nattaphat,"All_GLB, EEE_SM",192.168.4.194,Microsoft Windows 11 Pro 10.0.26200,3VLTR34,EEE,2025-02,2030-02-03T00:00:00Z,OptiPlex AIO Plus 7410,Desktop,,
,1EEE-Nattawipha,1EEE-NATTAWIPHA\Nattawipha,"All_GLB, EEE_SM",192.168.6.85,Microsoft Windows 11 Pro 10.0.26200,2X5S9V3,EEE,2023-02,2028-02-24T00:00:00Z,OptiPlex 5400 AIO,Desktop,F02 2302 102957 EEE1105101 #11104,
,1EEE-Phakkaphon,1EEE-PHAKKAPHON\Phakkaphon,"All_GLB, EEE_SM",192.168.6.44,Microsoft Windows 11 Pro 10.0.26200,FQT8WY3,EEE,2023-09,2028-09-14T00:00:00Z,OptiPlex AIO 7410 35W,Desktop,F02 2309 1030048 EEE11050101#11101,
,1EEE-Thanakon,1EEE-THANAKON\Thanakorn,"All_GLB, EEE_SM",172.30.1.36,Microsoft Windows 11 Home Single Language 10.0.26200,NAN0CV03Y15741E,EEE,2023-01,2025-01-08T00:00:00Z,Vivobook_ASUSLaptop X1605EA_X1605EA,Laptop,F02 2301 1029518EEE11050101 #0000,
,1ENG-5203-pc02,1ENG-5203-PC02\Siriporn,"All_GLB, EEE_SM",192.168.6.43,Microsoft Windows 11 Home Single Language 10.0.26200,CWT5JK2,EEE,2022-06,2026-03-29T00:00:00Z,Inspiron 24 5415 All-in-One,Desktop,F02 2206 1029299 EEE11050101 #11104,
,1Engineer_Swaat,1ENGINEER_SWAAT\Swaat,"All_GLB, EEE_SP",192.168.5.112,Microsoft Windows 11 Pro 10.0.22000,GC14WV2,EEE-SP,2019-04,2024-04-22T00:00:00Z,OptiPlex 7460 AIO,Desktop,F01 1904 1027447 PRO12013601 #4202,
,1HR-1202,1HR-1202\Trakan,"All_GLB, HRD_SM",192.168.6.100,Microsoft Windows 11 Pro 10.0.26200,G0H97G4,HR,2026-01,2031-01-26T00:00:00Z,Dell Pro 24 All-in-One QC24251,Desktop,F02 2601 1032702 HRD21030001 #10201,
,1HR-AIO-001,1HR-AIO-001\Supawee,"All_GLB, HRD_SM",192.168.4.80,Microsoft Windows 11 Pro 10.0.26200,5L10DJ3,HR,2021-10,2026-10-20T00:00:00Z,OptiPlex 3280 AIO,Desktop,F02 2110 1029026 HRD21030001 #10201,
,1HR-Anantaya,1HR-ANANTAYA\Anantaya,"All_GLB, HRD_SM",192.168.4.131,Microsoft Windows 11 Pro 10.0.26200,95T2CZ3,HR,2023-09,2028-10-19T00:00:00Z,OptiPlex AIO 7410 35W,Desktop,F02 2310 1030142 HRD21030001 #10201,
,1HR-Thananporn,1HR-THANANPORN\thananporn_k,"All_GLB, HRD_SM",192.168.1.157,Microsoft Windows 11 Pro 10.0.26200,F3THHZ3,HR,2023-10,2028-10-17T00:00:00Z,OptiPlex AIO 7410 35W,Desktop,F02 2310 1030125 HRD21030001 #10201,
,1HRD-1204,1HRD-1204\Norrarat,"All_GLB, HRD_SM",192.168.6.56,Microsoft Windows 11 Pro 10.0.26200,40DHZC4,HR,2026-01,2031-01-26T00:00:00Z,Dell Pro 24 All-in-One QC24251,Desktop,,
,1HRD-1214,1HRD-1214\Supattra,"All_GLB, HRD_SM",192.168.4.195,Microsoft Windows 11 Pro 10.0.26200,5T2F7G4,HR,2026-01,2031-01-26T00:00:00Z,Dell Pro 24 All-in-One QC24251,Desktop,F02 2601 1032704 HRD21030001 #10201,
,1HRD-AIO-02,1HRD-AIO-02\Patimaphon,"All_GLB, HRD_SM",192.168.4.219,Microsoft Windows 11 Home Single Language 10.0.26200,DGM5JK2,HR,2022-03,2026-03-29T00:00:00Z,Inspiron 24 5415 All-in-One,Desktop,F02 2205 1029259 HRD21030001 #10201,
,1HRD-Anong,1HRD-ANONG\Anong,"All_GLB, HRD_SM",192.168.6.27,Microsoft Windows 11 Pro 10.0.26200,DXLTR34,HR,2024-08,2029-08-04T00:00:00Z,OptiPlex AIO Plus 7410,Desktop,F01 2408 1030683 HRD21030001#10201,
,1HRD-CHORPET,1HRD-CHORPET\Chorpet,"All_GLB, HRD_SM",192.168.4.158,Microsoft Windows 11 Pro 10.0.26200,DRLTR34,HR,2024-06,2029-08-04T00:00:00Z,OptiPlex AIO Plus 7410,Desktop,F02 2408 1030685 HRD21030001 #10201,
,1ICT-Kwanruethai,1ICT-KWANRUETHA\Kwanruethai,"All_GLB, ICT_SM",192.168.6.169,Microsoft Windows 11 Pro 10.0.26200,FSLTR34,ICT,2024-11,2029-11-24T00:00:00Z,OptiPlex AIO Plus 7410,Desktop,F02 2411 1030946 ICT21060001 #8216,
,1ICT-MEETING1,1ICT-MEETING1\1M-4-Meeting,"All_GLB, ICT_SM",192.168.6.240,Microsoft Windows 10 Pro 10.0.19045,2CZT252,1M-4,2015-05,2021-05-23T00:00:00Z,OptiPlex 7020,Desktop,,
,1M-1Meeting,1M-1MEETING\Meeting,"All_GLB, ICT_SM",192.168.6.114,Microsoft Windows 11 Pro 10.0.26200,BPWP874,1M-1,2025-03,2030-05-23T00:00:00Z,OptiPlex Micro 7020,Desktop,,
,1M-3,1M-3\1M-3,"All_GLB, ICT_SM",192.168.6.135,Microsoft Windows 11 Pro 10.0.26200,9001B33,1M-3,2020-03,2023-06-24T00:00:00Z,OptiPlex 3070,Desktop,,
,1PRO-1909,1PRO-1909\Pimon,"All_GLB, PRO_SM",192.168.4.141,Microsoft Windows 11 Pro 10.0.26200,BWLTR34,office planning,2024-08,2029-08-04T00:00:00Z,OptiPlex AIO Plus 7410,Desktop,F01 1904 1027484 PRO11013201#1209,
,1PRO-1910,1PRO-1910\Wannarat,"All_GLB, PRO_SM",192.168.4.177,Microsoft Windows 11 Pro 10.0.26200,5WLTR34,office planning	,2024-08,2029-08-04T00:00:00Z,OptiPlex AIO Plus 7410,Desktop,F01 2408 1030674 PRO11013201#1209,
,1PRO-1975,1PRO-1975\Jamlang,"All_GLB, PRO_SM",192.168.10.127,Microsoft Windows 11 Pro 10.0.22631,HBXHL24,PRO Sauce,2024-05,2029-05-06T00:00:00Z,OptiPlex AIO 7420 65W,Desktop,F02 2405 1030530 PRO11010301#2311,
,1PRO-2M01,1PRO-2M01\Jintana,"All_GLB, PRO_SM",192.168.4.208,Microsoft Windows 11 Pro 10.0.26200,CVJTS14,2M01,2024-02,2029-03-19T00:00:00Z,OptiPlex AIO 7410 35W,Desktop,F02 2403 1030448 PRO11010301 #2M01,
,1PRO-2M07-1,1PRO-2M07-1\Chatuphorn,"All_GLB, PRO_SM",192.168.4.242,Microsoft Windows 11 Pro 10.0.26200,DWLTR34,sticker,2024-08,2029-08-04T00:00:00Z,OptiPlex AIO Plus 7410,Desktop,F02 2405 1030676 PRO11013801 #2M07,
,1PRO-AIO-002,1PRO-AIO-002\Somtida,"All_GLB, PRO_SM",192.168.4.172,Microsoft Windows 11 Pro 10.0.26200,5BXHL24,office planning,2024-05,2029-05-06T00:00:00Z,OptiPlex AIO 7420 65W,Desktop,F01 2405 1030524 PRO11013201#1209,
,1PRO-AIO-002,1PRO-AIO-002\Wassana,"All_GLB, PRO_SM",192.168.4.137,Microsoft Windows 11 Pro 10.0.26200,4BXHL24,office planning,2024-05,2029-05-06T00:00:00Z,OptiPlex AIO 7420 65W,Desktop,F01 2405 1030526 PRO11013201#1209,
,1PRO-AIO-003,1PRO-AIO-003\Amra,"All_GLB, PRO_SM",192.168.4.121,Microsoft Windows 11 Pro 10.0.26200,CBXHL24,office planning,2024-05,2029-05-06T00:00:00Z,OptiPlex AIO 7420 65W,Desktop,F01 2405 1030527 PRO11013201#1209,
,1PRO-ANONGTHIP,1PRO-ANONGTHIP\Anongthip,"All_GLB, PRO_SM",192.168.10.141,Microsoft Windows 11 Pro 10.0.26200,FVLTR34,PRO Mix,2025-03,2029-09-11T00:00:00Z,OptiPlex AIO Plus 7410,Desktop,F02 2503 1031270 PRO11010101#2164,
,1PRO-AUNCHALEE,1PRO-AUNCHALEE\Aunchalee,"All_GLB, PRO_SM",192.168.10.132,Microsoft Windows 11 Pro 10.0.26200,34THHZ3,PRO Sauce,2023-10,2028-10-17T00:00:00Z,OptiPlex AIO 7410 35W,Desktop,F02 2310 1030112 PRO11010301#2311,
,1PRO-CHARTREE,1PRO-CHARTREE\Chartree,"All_GLB, PRO_SM",192.168.4.180,Microsoft Windows 11 Pro 10.0.26200,FRT8WY3,PRO Mix,2023-09,2028-09-14T00:00:00Z,OptiPlex AIO 7410 35W,Desktop,F02 2309 1030053 PRO11010501#2164,
,1PRO-Chawanruk,1PRO-CHAWANRUK\pornprapa,"All_GLB, PRO_SM",192.168.10.165,Microsoft Windows 11 Pro 10.0.26200,H9XHL24,sticker,2024-05,2029-05-06T00:00:00Z,OptiPlex AIO 7420 65W,Desktop,F02 2405 1030516 PRO11013801 #2M07,
,1PRO-CHAYAVEE,1PRO-CHAYAVEE\Chayavee,"All_GLB, PRO_SM",192.168.4.206,Microsoft Windows 11 Pro 10.0.26200,BXLTR34,PRO Mix,2025-03,2029-09-11T00:00:00Z,OptiPlex AIO Plus 7410,Desktop,F02 2503 1031279 PRO11010101#2164,
New Computer,1PRO-EQM-003,1PRO-EQM-003\user,"All_GLB, PRO_SM",192.168.4.65,Microsoft Windows 11 Pro 10.0.26200,D461V34,Matchin,2024-06,2029-06-30T00:00:00Z,OptiPlex AIO 7420 65W,Desktop,,
New Computer,1PRO-EQM-004,1PRO-EQM-004\admin,"All_GLB, PRO_SM",192.168.4.227,Microsoft Windows 11 Pro 10.0.26200,F461V34,Matchin,2024-11,2029-06-30T00:00:00Z,OptiPlex AIO 7420 65W,Desktop,,
,1PRO-JUMPEE,1PRO-JUMPEE\Jumpee,"All_GLB, PRO_SM",192.168.4.160,Microsoft Windows 11 Pro 10.0.26200,JTLTR34,PRO Mix,2025-03,2029-09-11T00:00:00Z,OptiPlex AIO Plus 7410,Desktop,F02 2503 1031277 PRO11010101#2164,
,1PRO-Kamoncha,1PRO-KAMONCHA\Kamonchanok,"All_GLB, PRO_SM",192.168.4.207,Microsoft Windows 11 Pro 10.0.26200,CCHGJB3,QC,2021-02,2026-02-19T00:00:00Z,OptiPlex 7480 AIO,Desktop,F02 2102 1028663 PRO 11013301# 2313,
,1PRO-KANCHANA,1PRO-KANCHANA\Wimonsiri,"All_GLB, PRO_SM",192.168.4.187,Microsoft Windows 11 Pro 10.0.26200,D3THHZ3,PRO Sauce,2023-10,2028-10-17T00:00:00Z,OptiPlex AIO 7410 35W,Desktop,F02 2310 103010 PRO11010301#2311,
,1PRO-KANTINAN,1PRO-KANTINAN\Kantinan,"All_GLB, PRO_SM",192.168.4.104,Microsoft Windows 11 Pro 10.0.26200,6WLTR34,PRO Sauce,2025-03,2029-09-11T00:00:00Z,OptiPlex AIO Plus 7410,Desktop,F02 2503 1031268 PRO11010301#2311,
,1PRO-Kornkanok,1PRO-KORNKANOK\kornkanok,"All_GLB, PRO_SM",192.168.4.142,Microsoft Windows 11 Home Single Language 10.0.26200,CYT5JK2,office planning,2022-05,2026-03-29T00:00:00Z,Inspiron 24 5415 All-in-One,Desktop,F02 2205 1029262 PRO11010001 #0000,
,1PRO-Manoon-QC,1PRO-MANOON-QC\Manoon,"All_GLB, PRO_SM",192.168.6.186,Microsoft Windows 11 Pro 10.0.26200,JYLTR34,QC,2024-08,2029-08-04T00:00:00Z,OptiPlex AIO Plus 7410,Desktop,F02 2408 1030666 PRO 11013301#2313	,
,1PRO-Natnicha-QC,1PRO-NATNICHA-Q\Natnicha,"All_GLB, PRO_SM",192.168.4.150,Microsoft Windows 11 Pro 10.0.26200,HRT8WY3,QC,2023-08,2028-09-14T00:00:00Z,OptiPlex AIO 7410 35W,Desktop,F02 2309 1030047 PRO11013301 #2313,
,1PRO-NATTAPONG,1PRO-NATTAPONG\NattapongT,"All_GLB, PRO_SM",192.168.4.67,Microsoft Windows 11 Pro 10.0.26200,74THHZ3,PRO Sauce,2023-10,2028-10-17T00:00:00Z,OptiPlex AIO 7410 35W,Desktop,F02 2310 1030113 PRO11010301#2311,
,1PRO-Nopparit,1PRO-NOPPARIT\Nopparit,"All_GLB, PRO_SM",192.168.4.216,Microsoft Windows 11 Pro 10.0.26200,FXLTR34,Equipment,2024-06,2029-12-11T00:00:00Z,OptiPlex AIO Plus 7410,Desktop,,
,1PRO-NUTTAWUT,1PRO-NUTTAWUT\Nuttawut,"All_GLB, PRO_SM",192.168.4.181,Microsoft Windows 11 Pro 10.0.26200,B4THHZ3,Matchin,2023-10,2028-10-17T00:00:00Z,OptiPlex AIO 7410 35W,Desktop,F02 2310 1030117 PRO11013501 #2210,
,1PRO-PINYAPAT,1PRO-PINYAPAT\Pinyapat,"All_GLB, PRO_SM",192.168.10.167,Microsoft Windows 11 Pro 10.0.26200,8BXHL24,office planning,2024-05,2029-05-02T00:00:00Z,OptiPlex AIO 7420 65W,Desktop,F01 2405 1030507 PRO11013201#1209,
,1PRO-PIYAPORN,1PRO-PIYAPORN\Piyaporn38,"All_GLB, PRO_SM",192.168.6.96,Microsoft Windows 11 Pro 10.0.26200,3WLTR34,PRO Mix,2025-03,2029-09-11T00:00:00Z,OptiPlex AIO Plus 7410,Desktop,F02 2503 1031267 PRO11010101#2164,
,1PRO-PRAPAPORN,1PRO-PRAPAPORN\Prapaporn,"All_GLB, PRO_SM",192.168.10.143,Microsoft Windows 11 Pro 10.0.26200,JWLTR34,PRO Mix,2025-03,2029-09-11T00:00:00Z,OptiPlex AIO Plus 7410,Desktop,F02 2503 1031276 PRO11010101#2164,
,1PRO-SAUCE-001,1PRO-SAUCE-001\NapassornPRO,"All_GLB, PRO_SM",192.168.6.113,Microsoft Windows 11 Home Single Language 10.0.26200,DYT5JK2,PRO Sauce,2022-03,2026-03-29T00:00:00Z,Inspiron 24 5415 All-in-One,Desktop,1029261,
,1PRO-Songsie,1PRO-SONGSIE\Songsie,"All_GLB, PRO_SM",192.168.4.128,Microsoft Windows 11 Pro 10.0.26200,CQT8WY3,sticker,2023-09,2028-09-14T00:00:00Z,OptiPlex AIO 7410 35W,Desktop,F02 2309 1030066 PRO11013801#8206,
,1PRO-SUMLUAY,1PRO-SUMLUAY\Sumluay,"All_GLB, PRO_SM",192.168.4.103,Microsoft Windows 11 Pro 10.0.26200,CRLTR34,QC,2024-08,2029-08-04T00:00:00Z,OptiPlex AIO Plus 7410,Desktop,F02 2408 1030667 PRO 11013301#2313	,
New Computer,1PRO-Supatra,1PRO-SUPATRA\Supatra,"All_GLB, PRO_SM",192.168.4.21,Microsoft Windows 11 Pro 10.0.26200,CSLTR34,office planning	,2024-11,2029-11-24T00:00:00Z,OptiPlex AIO Plus 7410,Desktop,F02 2411 1030954 PRO11013201 #1209,
,1PRO-Suttisak,1PRO-SUTTISAK\suttisak,"All_GLB, PRO_SM",192.168.6.28,Microsoft Windows 11 Pro 10.0.26200,84THHZ3,office planning,2023-10,2028-10-17T00:00:00Z,OptiPlex AIO 7410 35W,Desktop,F02 1804 1026668 PRO11013201 #1209,
,1PRO-Tossawan,1PRO-TOSSAWAN\Tossawan,"All_GLB, PRO_SM",192.168.4.246,Microsoft Windows 11 Pro 10.0.26200,JXLTR34,PRO Mix,2025-03,2029-09-11T00:00:00Z,OptiPlex AIO Plus 7410,Desktop,F02 2503 1031278 PRO11010101#2164,
New Computer,1PRO-WICHUDA-2M03,1PRO-WICHUDA-2M\wichuda,"All_GLB, PRO_SM",192.168.6.37,Microsoft Windows 11 Pro 10.0.26100,69PTS14,2M03,2024-02,2029-03-19T00:00:00Z,OptiPlex AIO 7410 35W,Desktop,,
,1PRO-Wilawan,1PRO-WILAWAN\wilawan,"All_GLB, PRO_SM",192.168.6.89,Microsoft Windows 11 Pro 10.0.26200,3TLTR34,office planning	,2024-11,2029-11-24T00:00:00Z,OptiPlex AIO Plus 7410,Desktop,F02 2411 1030958 PRO11013201 #1209,
,1PRO-YAOWARAT,1PRO-YAOWARAT\yaowarat,"All_GLB, PRO_SM",192.168.10.121,Microsoft Windows 11 Pro 10.0.26200,8VLTR34,office planning	,2024-11,2029-11-24T00:00:00Z,OptiPlex AIO Plus 7410,Desktop,F02 2411 1030955 PRO11013201 #1209,
,1PRO_Kunnika_QC,1PRO_KUNNIKA_QC\Kunnika,"All_GLB, PRO_SM",192.168.10.128,Microsoft Windows 11 Pro 10.0.26200,DCHGJB3,QC,2021-02,2026-02-19T00:00:00Z,OptiPlex 7480 AIO,Desktop,F02 2102 1028664 PRO 11013301#2313,
,1PUR-1301,1PUR-1301\Benjawan,"All_GLB, PUR_SM",192.168.10.3,Microsoft Windows 11 Pro 10.0.26200,FS2F7G4,PUR,2026-01,2031-01-26T00:00:00Z,Dell Pro 24 All-in-One QC24251,Desktop,F02 2601 1032699 PUR21040001#1210,
,1PUR-1312,1PUR-1312\plaifa,"All_GLB, PUR_SM",192.168.6.128,Microsoft Windows 11 Home Single Language 10.0.26200,39V5JK2,PUR,2022-07,2026-03-29T00:00:00Z,Inspiron 24 5415 All-in-One,Desktop,F02 2207 1029347 PUR21040001#1210,
,1PUR-Benjamass,1PUR-BENJAMASS\benjamass,"All_GLB, PUR_SM",192.168.10.1,Microsoft Windows 11 Pro 10.0.26200,G9XHL24,PUR,2024-05,2029-05-06T00:00:00Z,OptiPlex AIO 7420 65W,Desktop,F02 2405 1030515 PUR21040001#1210,
,1PUR-patraporn,1PUR-PATRAPORN\Tanyaphon,"All_GLB, PUR_SM",192.168.6.52,Microsoft Windows 11 Pro 10.0.26200,9ST8WY3,PUR,2023-09,2028-09-14T00:00:00Z,OptiPlex AIO 7410 35W,Desktop,F02 2309 1030046 PUR21040001 #1210,
,1PUR-THANAPORN-1306,1PUR-THANAPORN-\THANAPORN,"All_GLB, PUR_SM",192.168.10.10,Microsoft Windows 10 Pro 10.0.19045,4CT5TC3,PUR,2021-03,2026-03-24T00:00:00Z,OptiPlex 7480 AIO,Desktop,F02 2103 1028735 PUR21040001#1210,
,1PUR_1302,1PUR_1302\Jirapa,"All_GLB, PUR_SM",192.168.6.73,Microsoft Windows 11 Pro 10.0.26200,HR2F7G4,PUR,2026-01,2031-01-26T00:00:00Z,Dell Pro 24 All-in-One QC24251,Desktop,F02 2601 1032700 PUR21040001#1210,
,1QA-ADMINQA,1QA-ADMINQA\Chuleeporn,"All_GLB, QA_SM",192.168.6.94,Microsoft Windows 11 Pro 10.0.26200,2XLTR34,QAD F.2,2025-03,2029-09-11T00:00:00Z,OptiPlex AIO Plus 7410,Desktop,F02 2503 1031275 QAD11030001# 9203,
,1QA-HPLC,1QA-HPLC\HPLC,"All_GLB, QA_SM",192.168.4.191,Microsoft Windows 11 Pro 10.0.26200,8ST8WY3,QAD F.1,2023-09,2028-09-14T00:00:00Z,OptiPlex AIO 7410 35W,Desktop,F02 2309 10300069 QAD11030001 #9104,
,1QA-HPLC3,1QA-HPLC3\HPLC3,"All_GLB, QA_SM",192.168.10.66,Microsoft Windows 11 Pro 10.0.26200,FBDMKZ3,QAD F.1,2023-10,2029-01-11T00:00:00Z,OptiPlex SFF Plus 7010,Desktop,,
,1QA-KANOKWAN-1665,1QA-KANOKWAN-16\kanokwan,"All_GLB, QA_SM",192.168.4.56,Microsoft Windows 11 Pro 10.0.26200,GCT5TC3,QAD F.2,2021-03,2026-03-24T00:00:00Z,OptiPlex 7480 AIO,Desktop,F02 2103 1028742 QAD11030001#9203,
,1QA-MARISA,1QA-MARISA\marisa,"All_GLB, QA_SM",192.168.4.185,Microsoft Windows 11 Pro 10.0.26200,2ST8WY3,QAD F.2,2023-09,2028-11-14T00:00:00Z,OptiPlex AIO 7410 35W,Desktop,F02 2309 1030072 QAD11030001# 9203,
,1QA-MICRO1,1QA-MICRO1\QA-MICRO1,"All_GLB, QA_SM",192.168.4.149,Microsoft Windows 11 Pro 10.0.26200,JQT8WY3,QA-Micro,2023-09,2028-09-14T00:00:00Z,OptiPlex AIO 7410 35W,Desktop,F02 2309 1030073 QAD11030001#9403,
,1QA-MICRO2,1QA-MICRO2\QA-MICRO2,"All_GLB, QA_SM",192.168.4.124,Microsoft Windows 11 Pro 10.0.26200,CRT8WY3,QA-Micro,2023-09,2028-09-14T00:00:00Z,OptiPlex AIO 7410 35W,Desktop,F02 2309 1030071 QAD11030001 #9403,
,1QA-Phennapha,1QA-PHENNAPHA\Phennapha,"All_GLB, QA_SM",192.168.10.61,Microsoft Windows 11 Pro 10.0.26200,J9XHL24,QAD F.2,2024-05,2029-05-06T00:00:00Z,OptiPlex AIO 7420 65W,Desktop,F02 2405 1030505 QAD11030001#9203	,
,1QA-Product2-10,1QA-PRODUCT2-10\Product2,"All_GLB, QA_SM",192.168.4.60,Microsoft Windows 11 Pro 10.0.26200,BBXHL24,QAD F.1,2024-05,2029-05-02T00:00:00Z,OptiPlex AIO 7420 65W,Desktop,F02 2405 1030506 QAD11030001 #9105,
,1QA-Ratsamee-10,1QA-RATSAMEE-10\Ratsamee,"All_GLB, QA_SM",192.168.4.247,Microsoft Windows 11 Pro 10.0.26200,2SLTR34,QAD F.2,2024-08,2029-08-04T00:00:00Z,OptiPlex AIO Plus 7410,Desktop,F02 2408 1030675 QAD11030001#9203	,
,1QA-Tittaya,1QA-TITTAYA\Tittaya,"All_GLB, QA_SM",192.168.6.36,Microsoft Windows 11 Home Single Language 10.0.26200,1ZT5JK2,QAD F.2,2022-05,2026-03-29T00:00:00Z,Inspiron 24 5415 All-in-One,Desktop,F02 2205 1029255 QAD11030001#9203,
,1QA3-WANNISA,1QA3-WANNISA\Wannisa,"All_GLB, QA_SM",192.168.10.246,Microsoft Windows 11 Pro 10.0.26100,6TLTR34,QAD F.3,2024-11,2029-11-24T00:00:00Z,OptiPlex AIO Plus 7410,Desktop,F02 2411 1030960 QAD11030001#9202,
,1QAD-9203-PC06,1QAD-9203-PC06\Tantika,"All_GLB, QA_SM",192.168.10.53,Microsoft Windows 11 Pro 10.0.26200,9RT8WY3,QAD F.2,2023-09,2028-09-14T00:00:00Z,OptiPlex AIO 7410 35W,Desktop,F02 2309 1030068 QAD11030001 #9203,
,1QAD-NUTSUDA,1QAD-NUTSUDA\Nutsuda,"All_GLB, QA_SM",192.168.10.72,Microsoft Windows 11 Pro 10.0.26200,5SLTR34,QAD F.2,2024-11,2029-11-24T00:00:00Z,OptiPlex AIO Plus 7410,Desktop,F02 2411 1030956 QAD11030001#9203,
,1QAD-PIMONWAN,1QAD-PIMONWAN\Pimonwan,"All_GLB, QA_SM",192.168.4.240,Microsoft Windows 11 Pro 10.0.22631,4ST8WY3,QAD F.2,2023-09,2028-09-14T00:00:00Z,OptiPlex AIO 7410 35W,Desktop,F02 2309 1030070 QAD11030001#9203,
,1QAD-Prawina,1QAD-PRAWINA\Prawina,"All_GLB, QA_SM",192.168.4.230,Microsoft Windows 11 Pro 10.0.26200,FYLTR34,QAD F.2,2024-08,2029-08-04T00:00:00Z,OptiPlex AIO Plus 7410,Desktop,F02 2408 1030677 QAD11030001#9203	,
,1QAD-Product1,1QAD-PRODUCT1\Product1,"All_GLB, QA_SM",192.168.10.119,Microsoft Windows 11 Pro 10.0.26200,3BXHL24,QAD F.1,2024-05,2029-05-02T00:00:00Z,OptiPlex AIO 7420 65W,Desktop,F02 2405 1030528 QAD11030001 #9105,
,1QAD-Product3,1QAD-PRODUCT3\Product3,"All_GLB, QA_SM",192.168.4.186,Microsoft Windows 11 Pro 10.0.26200,DBXHL24,QAD F.1,2024-05,2029-05-02T00:00:00Z,OptiPlex AIO 7420 65W,Desktop,F02 2405 1030505 QAD11030001 #9105,
,1QAD-Thanida,1QAD-THANIDA\Thanida,"All_GLB, QA_SM",192.168.4.162,Microsoft Windows 11 Pro 10.0.26200,DSLTR34,QAD F.2,2024-11,2029-11-24T00:00:00Z,OptiPlex AIO Plus 7410,Desktop,F02 2411 1030944 QAD11030001#9203,
,1QAD-WATSACHON,1QAD-WATSACHON\Watsachon,"All_GLB, QA_SM",192.168.10.52,Microsoft Windows 11 Pro 10.0.26200,GRLTR34,QAD F.2,2024-08,2029-08-04T00:00:00Z,OptiPlex AIO Plus 7410,Desktop,F02 2408 1030678 QAD11030001#9203	,
,1QRD-JANJIRA_S,1QRD-JANJIRA_S\janjira_s,"All_GLB, RD_SM",192.168.10.35,Microsoft Windows 11 Pro 10.0.26200,C9XHL24,RD,2024-05,2029-05-06T00:00:00Z,OptiPlex AIO 7420 65W,Desktop,F02 2405 1030523 RDD11040001#8234,
,1QRD-Orawan,1QRD-ORAWAN\Orawan,"All_GLB, RD_SM",192.168.10.51,Microsoft Windows 11 Pro 10.0.22631,BRT8WY3,RD,2023-09,2028-09-14T00:00:00Z,OptiPlex AIO 7410 35W,Desktop,F02 2309 1030062 RDD11040001#8234,
,1QRD-Suchada,1QRD-SUCHADA\suchada,"All_GLB, RD_SM",192.168.10.244,Microsoft Windows 11 Pro 10.0.26200,2BXHL24,RD,2024-05,2029-05-06T00:00:00Z,OptiPlex AIO 7420 65W,Desktop,F02 2405 1030522 RDD11040001#8234,
,1QRD-Wikarnda,1QRD-WIKARNDA\wikarnda,"All_GLB, RD_SM",192.168.10.40,Microsoft Windows 11 Pro 10.0.26200,BYLTR34,RD,2025-03,2029-09-11T00:00:00Z,OptiPlex AIO Plus 7410,Desktop,F02 2503 1031263 RDD11040001 # 8221,
,1QS-Nichada,1QS-NICHADA\nichada,"All_GLB, QS_SM",192.168.10.181,Microsoft Windows 11 Pro 10.0.26200,99XHL24,QS,2024-05,2029-05-06T00:00:00Z,OptiPlex AIO 7420 65W,Desktop,F02 2405 1030529 QSS21010101#1208	,
,1RD-CENTER-4108,1RD-CENTER-4108\rdcenter3,"All_GLB, RD_SM",192.168.6.204,Microsoft Windows 11 Pro 10.0.22631,5C9LY93,RD,2021-03,2026-03-24T00:00:00Z,Latitude 3510,Laptop,F02 2103 1028746 RDD11040001#8234,
,1RD-CENTER3-4109,1RD-CENTER3-410\NITCHAKARN,"All_GLB, RD_SM",192.168.10.39,Microsoft Windows 11 Pro 10.0.26200,HCT5TC3,RD,2021-03,2026-03-24T00:00:00Z,OptiPlex 7480 AIO,Desktop,F02 2103 1028748 RDD11040001#8234,
,1RD-CENTER4-4103,1RD-CENTER4-410\Ploypan,"All_GLB, RD_SM",192.168.10.36,Microsoft Windows 11 Pro 10.0.26200,3CT5TC3,RD,2021-03,2026-03-24T00:00:00Z,OptiPlex 7480 AIO,Desktop,F02 2103 1028747 RDD11040001#8234,
,1RD-chanidapa,1RD-CHANIDAPA\chanidapa,"All_GLB, RD_SM",192.168.6.41,Microsoft Windows 11 Pro 10.0.26200,9QT8WY3,RD,2023-09,2028-09-14T00:00:00Z,OptiPlex AIO 7410 35W,Desktop,F02 2309 1030061 RDD11040001#8221,
,1RD-Kamonmarn,1RD-KAMONMARN\Kamonmarn,"All_GLB, RD_SM",192.168.10.201,Microsoft Windows 11 Home Single Language 10.0.26200,5ZT5JK2,RD,2022-05,2026-03-29T00:00:00Z,Inspiron 24 5415 All-in-One,Desktop,F02 2205 1029256 RDD11040001#8234,
,1RD-Nattaya,1RD-NATTAYA\Nattaya,"All_GLB, RD_SM",192.168.10.45,Microsoft Windows 11 Pro 10.0.26200,7CT5TC3,RD,2021-03,2026-03-24T00:00:00Z,OptiPlex 7480 AIO,Desktop,F02 2103 1028749 RDD11040001 # 8234,
,1RD-Ornsuda,1RD-ORNSUDA\Ornsuda,"All_GLB, RD_SM",192.168.6.93,Microsoft Windows 11 Pro 10.0.26200,3F7GP54,RD,2025-03,2030-01-08T00:00:00Z,Latitude 3550,Laptop,F02 2503 1031266 RDD11040001#8234,
,1RD-panitnun,1RD-PANITNUN\Panitnun,"All_GLB, RD_SM",192.168.4.90,Microsoft Windows 11 Pro 10.0.26200,BQT8WY3,RD,2023-09,2028-09-14T00:00:00Z,OptiPlex AIO 7410 35W,Desktop,F02 2309 1030054 RDD11040001#8221,
,1RD-SAOWALAK,1RD-SAOWALAK\Saowalak,"All_GLB, RD_SM",192.168.10.38,Microsoft Windows 11 Pro 10.0.26200,7WLTR34,RD,2025-03,2029-09-11T00:00:00Z,OptiPlex AIO Plus 7410,Desktop,F02 2503 1031271 RDD11040001#8234,
,1RD-Thitinun,1RD-THITINUN\Thitinun,"All_GLB, RD_SM",192.168.6.53,Microsoft Windows 11 Home Single Language 10.0.26200,1DM5JK2,RD,2022-05,2026-03-29T00:00:00Z,Inspiron 24 5415 All-in-One,Desktop,F02 2205 1029258 RDD11040001#8221,
,1RD-Wacharakamon,1RD-WACHARAKAMO\Wacharakamon,"All_GLB, RD_SM",192.168.4.170,Microsoft Windows 11 Pro 10.0.26200,6XLTR34,RD,2025-03,2029-09-11T00:00:00Z,OptiPlex AIO Plus 7410,Desktop,F02 2503 1031273 RDD11040001 # 8221,
,1SMK-1206-PC01,1SMK-1206-PC01\siramol,"All_GLB, SMK_SM",192.168.6.99,Microsoft Windows 11 Pro 10.0.26200,5XLTR34,SMK,2024-08,2029-08-04T00:00:00Z,OptiPlex AIO Plus 7410,Desktop,F02 2408 1030682 SMK 21020001#1206,เบลล์
,1SMK-1522,1SMK-1522\Thidarat,"All_GLB, SMK_SM",192.168.6.22,Microsoft Windows 11 Pro 10.0.26200,DR2F7G4,SMK,2026-01,2031-01-26T00:00:00Z,Dell Pro 24 All-in-One QC24251,Desktop,F02 2601 1032707 SMK21020001#1206,
,1SMK-1523,1SMK-1523\Sivaporn,"All_GLB, SMK_SM",192.168.10.84,Microsoft Windows 11 Pro 10.0.26200,JZCHZC4,SMK,2026-01,2031-01-26T00:00:00Z,Dell Pro 24 All-in-One QC24251,Desktop,F02 2601 1032709 SMK21020001#1206,
,1SMK-1534,1SMK-1534\Rie,"All_GLB, SMK_SM",192.168.10.116,Microsoft Windows 11 Pro 10.0.26200,GYG97G4,SMK,2026-01,2031-01-26T00:00:00Z,Dell Pro 24 All-in-One QC24251,Desktop,F02 2601 1032706 SMK21020001#1206,
,1SMK-1540,1SMK-1540\Kittikon,"All_GLB, SMK_SM",192.168.6.185,Microsoft Windows 11 Pro 10.0.26200,JQ2F7G4,SMK,2026-01,2031-01-26T00:00:00Z,Dell Pro 24 All-in-One QC24251,Desktop,F02 2601 1032703 SMK21020001#1206,
,1SMK-Chanunya,1SMK-CHANUNYA\Chananya,"All_GLB, SMK_SM",192.168.6.224,Microsoft Windows 11 Pro 10.0.26100,DBV0N93,SMK,2021-02,2026-02-19T00:00:00Z,Latitude 3510,Laptop,F02 1912 1028001 SMK21020001 #1206,
,1SMK-Chatsunee,1SMK-CHATSUNEE\chatsunee,"All_GLB, SMK_SM",192.168.10.105,Microsoft Windows 11 Pro 10.0.26200,4RT8WY3,SMK,2023-09,2028-09-14T00:00:00Z,OptiPlex AIO 7410 35W,Desktop,F02 2309 1030042 SMK21020001#1206,
,1SMK-Chutiphon,1SMK-CHUTIPHON\Chutiphon,"All_GLB, SMK_SM",192.168.10.109,Microsoft Windows 11 Pro 10.0.26200,1ST8WY3,SMK,2023-09,2028-09-14T00:00:00Z,OptiPlex AIO 7410 35W,Desktop,F02 2309 1030041 SMK21020001#1206,
,1SMK-Natcha,1SMK-NATCHA\Natcha.m,"All_GLB, SMK_SM",192.168.10.126,Microsoft Windows 11 Pro 10.0.26200,JSLTR34,SMK,2024-11,2029-11-24T00:00:00Z,OptiPlex AIO Plus 7410,Desktop,,
,1SMK-Noparat-1536,1SMK-NOPARAT-15\Nopparat,"All_GLB, SMK_SM",192.168.4.222,Microsoft Windows 11 Pro 10.0.26200,7C9LY93,SMK,2021-03,2026-03-24T00:00:00Z,Latitude 3510,Laptop,,
,1SMK-Piyamaporn-1510,1SMK-PIYAMAPORN\Piyamaporn,"All_GLB, SMK_SM",192.168.6.184,Microsoft Windows 11 Pro 10.0.26200,6C9LY93,SMK,2021-03,2026-03-24T00:00:00Z,Latitude 3510,Laptop,F02 2103 1028751 SMK 21020001#1206,
,1SMK-Porntip-10,1SMK-PORNTIP-10\Porntip,"All_GLB, SMK_SM",192.168.10.91,Microsoft Windows 11 Pro 10.0.22631,G9W4WV2,SMK,2019-04,2024-04-22T00:00:00Z,OptiPlex 7460 AIO,Desktop,F01 1904 1027456 SMK21020001#1206,
,1SMK-Rungnapa-10,1SMK-RUNGNAPA-1\Rungnapa,"All_GLB, SMK_SM",192.168.6.159,Microsoft Windows 11 Pro 10.0.22631,GB4ZVV2,SMK,2019-04,2024-04-23T00:00:00Z,OptiPlex 7460 AIO,Desktop,F02 1904 1027453 SMK21020001#1206,
,1SMK-Sopabhorn,1SMK-SOPABHORN\sopabhorn,"All_GLB, SMK_SM",192.168.10.90,Microsoft Windows 10 Pro 10.0.19043,G9X2WV2,SMK,2019-04,2024-04-22T00:00:00Z,OptiPlex 7460 AIO,Desktop,F01 1904 1027455 SMK21020001#1206,
,1WAH-1403,1WAH-1403\Pentiya,"All_GLB, WAH_SM",192.168.4.139,Microsoft Windows 11 Pro 10.0.26200,9T2F7G4,WAH Office,2026-01,2031-01-26T00:00:00Z,Dell Pro 24 All-in-One QC24251,Desktop,F02 2601 1032712 WAH11020001#1205,
,1WAH-1405,1WAH-1405\Chotika,"All_GLB, WAH_SM",192.168.4.143,Microsoft Windows 11 Pro 10.0.26200,H0H97G4,WAH Office,2026-01,2031-01-26T00:00:00Z,Dell Pro 24 All-in-One QC24251,Desktop,F02 2601 1032711 WAH11020001#1205,
,1WAH-6003,1WAH-6003\Wijitra,"All_GLB, WAH_SM",192.168.4.250,Microsoft Windows 11 Pro 10.0.26200,2PMV0D4,WAH Finished,2026-01,,Dell Pro 24 All-in-One QC24251,Desktop,F02 2601 1032710 WAH11020001 #4103,
,1WAH-6019,1WAH-6019\Rotjana,"All_GLB, WAH_SM",192.168.6.32,Microsoft Windows 11 Pro 10.0.26200,GW2F7G4,WAH Finished,2026-01,2031-01-26T00:00:00Z,Dell Pro 24 All-in-One QC24251,Desktop,F02 2601 1032708 WAH11020001 #4103,
,1WAH-Ariya_k,1WAH-ARIYA_K\OM_K,"All_GLB, WAH_SM",192.168.4.182,Microsoft Windows 11 Pro 10.0.26200,JRT8WY3,WAH K,2023-07,2028-09-14T00:00:00Z,OptiPlex AIO 7410 35W,Desktop,F02 2309 1030077 WAH11020501 #8119,
,1wah-b3-01,1WAH-B3-01\Somboon1,"All_GLB, WAH_SM",192.168.4.221,Microsoft Windows 11 Pro 10.0.26200,HZNGYF3,WAH Package,2021-07,2026-07-22T00:00:00Z,OptiPlex 7480 AIO,Desktop,F02 2107 1028897 WAH1020301 #3102,
,1WAH-BATCHING,1WAH-BATCHING\Boonchot,"All_GLB, WAH_SM",192.168.4.184,Microsoft Windows 11 Pro 10.0.26200,JZNGYF3,BATCHING,2021-07,2026-07-22T00:00:00Z,OptiPlex 7480 AIO,Desktop,F02 2107 1028899 WAH11020201#8107,
New Computer,1WAH-batching2,1WAH-BATCHING2\batching2,"All_GLB, WAH_SM",192.168.4.75,Microsoft Windows 11 Pro 10.0.26200,69K6414,BATCHING,2024-02,2029-02-14T00:00:00Z,OptiPlex AIO 7410 35W,Desktop,F02 2402 1030352 WAH11020201 #8107,
,1WAH-CHECK-03,1WAH-CHECK-03\WAH-USER,"All_GLB, WAH_SM",192.168.6.55,Microsoft Windows 11 Pro 10.0.22621,GZNGYF3,WAH Checking,2021-07,2026-07-22T00:00:00Z,OptiPlex 7480 AIO,Desktop,F02 2107 1028898 WAH11020101 #8112,
,1WAH-Chotiwat,1WAH-CHOTIWAT\chotiwat,"All_GLB, WAH_SM",192.168.6.126,Microsoft Windows 11 Home Single Language 10.0.26200,F2V5JK2,WAH Office,2022-05,2026-03-29T00:00:00Z,Inspiron 24 5415 All-in-One,Desktop,F02 2205 1029272 WAH11020001#1205,
,1WAH-Kitti-1401,1WAH-KITTI-1401\kitti,"All_GLB, WAH_SM",192.168.6.80,Microsoft Windows 11 Pro 10.0.26200,8C9LY93,WAH Office,2021-03,2026-03-24T00:00:00Z,Latitude 3510,Laptop,F02 2103 1028737 WAH11020001#1205,
,1WAH-NIKOMM,1WAH-NIKOMM\user11,"All_GLB, WAH_SM",192.168.4.171,Microsoft Windows 11 Home Single Language 10.0.26100,53V5JK2,WAH Office,2022-05,2026-03-29T00:00:00Z,Inspiron 24 5415 All-in-One,Desktop,F02 2205 1029271 WAH11020001#1205,
,1WAH-Office,1WAH-OFFICE\Rungrudee,"All_GLB, WAH_SM",192.168.4.214,Microsoft Windows 11 Pro 10.0.26200,4RG24G3,WAH Office,2021-09,2026-09-17T00:00:00Z,OptiPlex 7480 AIO,Desktop,F02 2109 1029007 WAH11020001#1205,
,1WAH-Orapin,1WAH-ORAPIN\orapin,"All_GLB, WAH_SM",192.168.10.210,Microsoft Windows 11 Pro 10.0.26200,7ST8WY3,WAH Office,2023-07,2028-09-14T00:00:00Z,OptiPlex AIO 7410 35W,Desktop,F02 2309 1030078 WAH11020001#1205,
,1WAH-PAWARISA,1WAH-PAWARISA\Pawarisa,"All_GLB, WAH_SM",192.168.7.61,Microsoft Windows 11 Pro 10.0.22631,7RT8WY3,WAH Checking,2023-09,2028-09-14T00:00:00Z,OptiPlex AIO 7410 35W,Desktop,F02 2309 1030076 WAH11020101# 8118,
,1WAH-PRATEEP,1WAH-PRATEEP\prateep,"All_GLB, WAH_SP",192.168.9.147,Microsoft Windows 11 Pro 10.0.26200,44THHZ3,WAH-SP,2023-10,2028-10-17T00:00:00Z,OptiPlex AIO 7410 35W,Desktop,F02 2310 1030126 WAH12020401#20101,
New Computer,1WAH-Saengdao,1WAH-SAENGDAO\Saengdao,"All_GLB, WAH_SM",192.168.4.138,Microsoft Windows 11 Pro 10.0.26200,GWLTR34,WAH Checking,2024-06,2030-02-16T00:00:00Z,OptiPlex AIO Plus 7410,Desktop,F02 2502 1031094 WAH11020401#4104,
,2EEE-User3,2EEE-USER3\EEE-AutoCAD,"All_GLB, EEE_SP",192.168.9.78,Microsoft Windows 11 Pro 10.0.26200,4HYHL24,EEE-SP,2024-04,2029-05-06T00:00:00Z,OptiPlex Tower 7020,Desktop,,
,2EEE_User,2EEE_User\SPBEEE,"All_GLB, EEE_SP",192.168.9.77,Microsoft Windows 11 Home Single Language 10.0.26200,30V5JK2,EEE-SP,2022-06,2026-03-29T00:00:00Z,Inspiron 24 5415 All-in-One,Desktop,F02 2206 1029316 EEE12050101#4202,
,2ENG-4202-PC01,2ENG-4202-PC01\admin,"All_GLB, EEE_SP",192.168.1.166,Microsoft Windows 10 Pro 10.0.19045,1SD6MP2,EEE-SP,2018-05,2021-07-29T00:00:00Z,Precision Tower 3420,Desktop,F02 1805 1026750 EEE 12050101#4202,
,2HRD-Jitrawadee,2HRD-JITRAWADEE\Jitrawadee,"All_GLB, HRD_SP",192.168.5.153,Microsoft Windows 11 Pro 10.0.26200,8Z83X63,HR-SP,2020-09,2025-10-21T00:00:00Z,OptiPlex 7470 AIO,Desktop,F02 2009 1028398 HRD22030001 #0000,
,2HRD-RENUKA,2HRD-RENUKA\renuka,"All_GLB, HRD_SP",192.168.9.252,Microsoft Windows 11 Pro 10.0.26200,964SRZ3,HR-SP,2023-10,2028-10-26T00:00:00Z,OptiPlex AIO 7410 35W,Desktop,,
,2ICT-PC-02,2ICT-PC-02\Administrator,"All_GLB, PRO_SP",192.168.9.200,Microsoft Windows 11 Pro 10.0.26100,HPC8HY2,PRO-SP,2019-08,2024-08-21T00:00:00Z,OptiPlex 7460 AIO,Desktop,F02 1908 1027776 PRO12013201 #0000,
New Computer,2PRO-APHIWAT,2PRO-APHIWAT\APHIWAT,"All_GLB, PRO_SP",192.168.9.175,Microsoft Windows 11 Pro 10.0.26200,HZVWLX3,PRO-SP,2023-12,2029-02-09T00:00:00Z,Latitude 3540,Laptop,,
,2PRO-B12-02,2PRO-B12-02\Wuttipat,"All_GLB, PRO_SP",192.168.5.41,Microsoft Windows 11 Pro 10.0.26200,GBG2WV2,PRO-SP,2019-04,2024-04-22T00:00:00Z,OptiPlex 7460 AIO,Desktop,F01 1904 1027450 PRO12010401#12205,
,2PRO-B12-SIRIPUN,2PRO-B12-SIRIPU\Siripun,"All_GLB, PRO_SP",192.168.5.188,Microsoft Windows 11 Pro 10.0.26200,J8MCVP3,PRO-SP,2022-05,2027-03-27T00:00:00Z,OptiPlex 7490 AIO,Desktop,F02 2205 1029265 PRO12010401#12205,
,2PRO-B2-02,2PRO-B2-02\B2User,"All_GLB, PRO_SP",192.168.5.232,Microsoft Windows 11 Home Single Language 10.0.26200,DPT5JK2,PRO-SP,2022-03,2026-03-29T00:00:00Z,Inspiron 24 5415 All-in-One,Desktop,,
,2PRO-B2-AIO01,2PRO-B2-AIO01\Kanokwan,"All_GLB, PRO_SP",192.168.5.165,Microsoft Windows 11 Pro 10.0.26200,5CT5TC3,PRO-SP,2021-03,2026-03-24T00:00:00Z,OptiPlex 7480 AIO,Desktop,,
,2PRO-B2-AIO02,2PRO-B2-AIO02\Chanwit,"All_GLB, PRO_SP",192.168.5.93,Microsoft Windows 11 Pro 10.0.26200,CCT5TC3,PRO-SP,2021-03,2026-03-24T00:00:00Z,OptiPlex 7480 AIO,Desktop,FO2 2103 1028753 PRO12010201#2201,
,2PRO-Chopaka,2PRO-CHOPAKA\Yotin,"All_GLB, PRO_SP",192.168.9.110,Microsoft Windows 11 Pro 10.0.26200,BKCWKG3,PRO-SP,2021-12,2026-12-16T00:00:00Z,Latitude 3520,Laptop,,
,2PRO-Meetting1,2PRO-MEETTING1\2ICT_Meeting1,"All_GLB, ICT_SM",192.168.5.43,Microsoft Windows 10 Pro 10.0.19045,B5G1V72,Meeting-SP,2015-10,2019-06-10T00:00:00Z,OptiPlex 9020,Desktop,,
,2PRO-Netsai,2PRO-NETSAI\Netsai,"All_GLB, PRO_SP",192.168.5.173,Microsoft Windows 11 Home Single Language 10.0.22000,B9V5JK2,PRO-SP,2022-06,2026-03-29T00:00:00Z,Inspiron 24 5415 All-in-One,Desktop,F02 2206 1029287 PRO12013201 #0000,
,2PRO-PLN-02,2PRO-PLN-02\Benjawan30,"All_GLB, PRO_SP",192.168.9.35,Microsoft Windows 11 Pro 10.0.26200,8YLTR34,PRO-SP,2024-11,2029-08-04T00:00:00Z,OptiPlex AIO Plus 7410,Desktop,,
,2PRO-SAOWALAK,2PRO-SAOWALAK\SaowalakSP,"All_GLB, PRO_SP",192.168.5.206,Microsoft Windows 11 Pro 10.0.26200,14THHZ3,PRO-SP,2021-10,2028-10-17T00:00:00Z,OptiPlex AIO 7410 35W,Desktop,F02 2310 1030122 PRO12013201#0000,
,2PRO-SUCHADA,2PRO-SUCHADA\suchada,"All_GLB, PRO_SP",192.168.9.130,Microsoft Windows 11 Pro 10.0.26200,64THHZ3,PRO-SP,2023-10,2028-10-17T00:00:00Z,OptiPlex AIO 7410 35W,Desktop,F02 2310 1030147 PRO12013201 #0000,
,2PRO-TATCHATAN,2PRO-TATCHATAN\Tatchatan,"All_GLB, PRO_SP",192.168.9.139,Microsoft Windows 11 Pro 10.0.26200,H1B8Q14,PRO-SP,2024-02,2029-02-22T00:00:00Z,OptiPlex AIO 7410 35W,Desktop,,
,2PRO-WAREE,2PRO-WAREE\wareejaimun,"All_GLB, PRO_SP",192.168.9.79,Microsoft Windows 11 Pro 10.0.26200,6CT5TC3,PRO-SP,2021-03,2026-03-24T00:00:00Z,OptiPlex 7480 AIO,Desktop,F02 2103 1028736 PRO12010001#0000,
,2PRO-Woraphong,2PRO-WORAPHONG\woraphong,"All_GLB, PRO_SP",192.168.9.49,Microsoft Windows 11 Pro 10.0.26200,H3THHZ3,PRO-SP,2023-10,2028-10-17T00:00:00Z,OptiPlex AIO 7410 35W,Desktop,,
,2QA-2213-AIO02,2QA-2213-AIO02\QAPASTE1,"All_GLB, QA_SP",192.168.9.152,Microsoft Windows 11 Pro 10.0.22621,DCT5TC3,QA-SP,2021-03,2026-03-24T00:00:00Z,OptiPlex 7480 AIO,Desktop,FO2 2103 1028740 QAD120300140000,
,2QA-B12-001,2QA-B12-001\SIRIPORN,"All_GLB, QA_SP",192.168.5.204,Microsoft Windows 11 Pro 10.0.26200,6BXHL24,QA-SP,2024-05,2029-05-06T00:00:00Z,OptiPlex AIO 7420 65W,Desktop,F02 2405 1030521 QAD12030001#12206,
,2QA-MICRO,2QA-MICRO\2MICRO,"All_GLB, QA_SP",192.168.5.12,Microsoft Windows 11 Pro 10.0.26200,B9XHL24,QA-SP,2024-05,2029-05-06T00:00:00Z,OptiPlex AIO 7420 65W,Desktop,F02 2405 1030504 QAD12030001#16202,
,2QA-OFFICE-2119,2QA-OFFICE-2119\Orapan,"All_GLB, QA_SP",192.168.9.172,Microsoft Windows 11 Pro 10.0.22631,1SLTR34,QA-SP,2024-11,2029-11-24T00:00:00Z,OptiPlex AIO Plus 7410,Desktop,,
,2QA-PINMANEE-2,2QA-PINMANEE-2\Pinmanee,"All_GLB, QA_SP",192.168.9.115,Microsoft Windows 11 Pro 10.0.26200,GRT8WY3,QA-SP,2023-08,2028-09-14T00:00:00Z,OptiPlex AIO 7410 35W,Desktop,F02 2308 1030075 QAD12030001#16101,
,2QA-RATTICHON-11,2QA-RATTICHON-1\Rattichon,"All_GLB, QA_SP",192.168.9.114,Microsoft Windows 11 Pro 10.0.26200,1RT8WY3,QA-SP,2023-09,2028-09-14T00:00:00Z,OptiPlex AIO 7410 35W,Desktop,F02 2309 1030074 QAD12030001#16101,
,2QA-RAWMAT2,2QA-RAWMAT2\RAWMAT2,"All_GLB, QA_SP",192.168.9.171,Microsoft Windows 11 Pro 10.0.22631,HSLTR34,QA-SP,2024-11,2029-11-24T00:00:00Z,OptiPlex AIO Plus 7410,Desktop,,
,2QAD-2104,2QAD-2104\QAPASTE1,"All_GLB, QA_SP",192.168.5.128,Microsoft Windows 11 Pro 10.0.26200,F9XHL24,QA-SP,2024-05,2029-05-06T00:00:00Z,OptiPlex AIO 7420 65W,Desktop,F02 2405 1030503 QAD12030001#2104,
,2QAD-Office,2QAD-OFFICE\2QA_RAWMAT,"All_GLB, QA_SP",192.168.9.212,Microsoft Windows 11 Pro 10.0.22000,54K19X2,QA-SP,2019-05,2024-05-28T00:00:00Z,OptiPlex 7460 AIO,Desktop,F02 1905 1027558 QAD12030001 #16103,
,2RD-B8-AIO03,2RD-B8-AIO03\2RDCENTER,"All_GLB, RD_SP",192.168.9.91,Microsoft Windows 11 Pro 10.0.22621,FCT5TC3,RD-SPB,2021-03,2026-03-24T00:00:00Z,OptiPlex 7480 AIO,Desktop,F02 2103 1028741 RDD12040001#8201,
,2WAH-APIWAT,2WAH-APIWAT\apiwat2,"All_GLB, WAH_SP",192.168.9.191,Microsoft Windows 11 Pro 10.0.26200,B8VGDN3,WAH-SP,2022-05,2027-03-20T00:00:00Z,OptiPlex 7490 AIO,Desktop,F02 2205 1029263 WAH12020501#20101,
,2WAH-B1-AIO01,2WAH-B1-AIO01\Yupawadee,"All_GLB, WAH_SP",192.168.5.122,Microsoft Windows 11 Pro 10.0.26200,9CT5TC3,WAH-SP,2021-03,2026-03-24T00:00:00Z,OptiPlex 7480 AIO,Desktop,F02 2103 1028739 PRO12013201#0000,
,2WAH-B20-01,2WAH-B20-01\Kanokwan.p,"All_GLB, WAH_SP",192.168.5.198,Microsoft Windows 11 Pro 10.0.26200,5W4SG53,WAH-SP,2020-07,2025-07-24T00:00:00Z,OptiPlex 7470 AIO,Desktop,F02 2007 1028307 WAH12020401#20101,
,2WAH-B3-004,2WAH-B3-004\Suchada,"All_GLB, PRO_SP",192.168.9.57,Microsoft Windows 11 Pro 10.0.22000,JCT5TC3,PRO-SP,2023-10,2026-03-24T00:00:00Z,OptiPlex 7480 AIO,Desktop,F02 2310 1030147 PRO12013201 #0000,
,2WAH-B3-AIO02,2WAH-B3-AIO02\2WAH-USER,"All_GLB, WAH_SP",192.168.9.75,Microsoft Windows 11 Pro 10.0.22000,3DT5TC3,WAH-SP,2021-03,2026-03-24T00:00:00Z,OptiPlex 7480 AIO,Desktop,F02 2103 1028745 WAH12020201 #0000,
,2WAH-B3-Supanut,2WAH-B3-SUPANUT\supanat,"All_GLB, WAH_SP",192.168.9.93,Microsoft Windows 11 Pro 10.0.26100,9BXHL24,WAH-SP,2024-05,2029-05-06T00:00:00Z,OptiPlex AIO 7420 65W,Desktop,F02 2405 1030502 PRO12020001 #3215,
,2WAH-SOPA,2WAH-SOPA\Sopa_s,"All_GLB, PRO_SP",192.168.9.225,Microsoft Windows 11 Pro 10.0.26200,54THHZ3,PRO-SP,2023-10,2028-10-17T00:00:00Z,OptiPlex AIO 7410 35W,Desktop,,
,2WAH-SUTIN,2WAH-SUTIN\Sutin,"All_GLB, WAH_SP",192.168.9.178,Microsoft Windows 11 Pro 10.0.22631,B3THHZ3,WAH-SP,2023-10,2028-10-17T00:00:00Z,OptiPlex AIO 7410 35W,Desktop,F02 2310 1030119 WAH12020301 #20101,
,ABW-AIO04,ABW-AIO04\Prapasiri,"All_GLB, PRO_SP",192.168.9.126,Microsoft Windows 11 Pro 10.0.22000,2DT5TC3,ABW,2021-03,2026-03-24T00:00:00Z,OptiPlex 7480 AIO,Desktop,,
,ACC-1211-AIO15,ACC-1211-AIO15\Akkarapa,"ACF_SM, All_GLB",192.168.6.92,Microsoft Windows 11 Pro 10.0.22631,2HPLFD3,ACF,2021-05,2026-05-20T00:00:00Z,OptiPlex 7480 AIO,Desktop,F02 2105 1028832 ACF21050001#1211,
,ACF-AIO-01,ACF-AIO-01\namaoy,"ACF_SM, All_GLB",192.168.4.178,Microsoft Windows 11 Pro 10.0.26200,5ST8WY3,ACF,2023-09,2028-09-14T00:00:00Z,OptiPlex AIO 7410 35W,Desktop,F02 2309 1030050 ACF21050001#1211,
,ACF-ANUKTHIDA,ACF-ANUKTHIDA\Anukthida,"ACF_SM, All_GLB",192.168.4.83,Microsoft Windows 11 Home Single Language 10.0.26200,GXT5JK2,ACF,2022-06,2026-03-29T00:00:00Z,Inspiron 24 5415 All-in-One,Desktop,F02 2206 1029298 ACF21050001#12111,
,ACF-Wanida,ACF-WANIDA\wanida,"ACF_SM, All_GLB",192.168.6.54,Microsoft Windows 11 Pro 10.0.26200,3RT8WY3,ACF,2023-09,2028-09-14T00:00:00Z,OptiPlex AIO 7410 35W,Desktop,F02 2309 1030051 ACF21050001#1211,
,B13-CHATWUT,B13-CHATWUT\SPBUser,"All_GLB, PRO_SP",192.168.9.162,Microsoft Windows 11 Home Single Language 10.0.26200,BYT5JK2,PRO-SP,2022-03,2026-03-29T00:00:00Z,Inspiron 24 5415 All-in-One,Desktop,,
,B13-Kanjana,B13-KANJANA\sppro,"All_GLB, PRO_SP",192.168.9.163,Microsoft Windows 11 Home Single Language 10.0.26200,F8V5JK2,PRO-SP,2022-03,2026-03-29T00:00:00Z,Inspiron 24 5415 All-in-One,Desktop,,
,B13-USER2,B13-USER2\UserB13,"All_GLB, PRO_SP",192.168.9.161,Microsoft Windows 11 Home Single Language 10.0.26200,GBV5JK2,PRO-SP,2022-03,2026-03-29T00:00:00Z,Inspiron 24 5415 All-in-One,Desktop,,
,B2-KANOKWAN,B2-KANOKWAN\B2User2,"All_GLB, PRO_SP",192.168.9.167,Microsoft Windows 11 Home Single Language 10.0.26200,FZT5JK2,PRO-SP,2022-03,2026-03-29T00:00:00Z,Inspiron 24 5415 All-in-One,Desktop,,
,B2-WIPAWAN,B2-WIPAWAN\WipawanB2,"All_GLB, WAH_SP",192.168.9.204,Microsoft Windows 11 Home Single Language 10.0.26200,C9V5JK2,WAH-SP,2022-03,2026-03-29T00:00:00Z,Inspiron 24 5415 All-in-One,Desktop,,
,B3-KANOKWAN-NAM,B3-KANOKWAN-NAM\kanokwan_nam,"All_GLB, WAH_SP",192.168.9.119,Microsoft Windows 11 Pro 10.0.26200,9GHBDN3,WAH-SP,2022-03,2027-05-20T00:00:00Z,OptiPlex 7490 AIO,Desktop,,
,DESKTOP-2D8J238,DESKTOP-2D8J238\narakorn,"All_GLB, PUR_SP",192.168.5.159,Microsoft Windows 10 Pro 10.0.19045,1DT5TC3,PUR-SP,2021-03,2026-03-24T00:00:00Z,OptiPlex 7480 AIO,Desktop,F02 2103 1028738 PUR22040101 #0000,
,DESKTOP-2PT6TN4,DESKTOP-2PT6TN4\Umaporn,"All_GLB, SMK_SM",192.168.4.96,Microsoft Windows 11 Pro 10.0.26200,6XXQRD3,SMK,2021-05,2026-05-20T00:00:00Z,OptiPlex 7480 AIO,Desktop,F02 2105 1028835 SMK21020001#1206,
,DESKTOP-4U19R76,DESKTOP-4U19R76\EEE-SPK,"All_GLB, EEE_SM",192.168.6.145,Microsoft Windows 11 Home Single Language 10.0.26100,R8N0CX02906432B,EEE,,2025-11-25T00:00:00Z,Vivobook Slate T3304GA_T3304GA,Laptop,,
,DESKTOP-7CAUD4S,DESKTOP-7CAUD4S\SurasakEEE,"All_GLB, EEE_SM",192.168.6.173,Microsoft Windows 10 Pro 10.0.19045,Default string,EEE,,,X470 AORUS GAMING 5 WIFI,Desktop,,
,DESKTOP-9K4CG7R,DESKTOP-9K4CG7R\Thanasit,"All_GLB, HRD_SM",10.107.236.227,Microsoft Windows 11 Pro 10.0.26100,74BGYZ2,HR,2020-06,2023-09-18T00:00:00Z,Latitude 3510,Laptop,,
,DESKTOP-SF1FRO8,DESKTOP-SF1FRO8\nipon,"All_GLB, PRO_SP",192.168.20.94,Microsoft Windows 11 Pro 10.0.26200,6Y53KX3,PRO-SP,2023-10,2028-10-17T00:00:00Z,Latitude 3540,Laptop,,
,ECM-NIPAPORN,ECM-NIPAPORN\Nipaporn,"All_GLB, ECM",192.168.10.184,Microsoft Windows 11 Pro 10.0.26200,3YLTR34,ECM,2024-06,2029-09-11T00:00:00Z,OptiPlex AIO Plus 7410,Desktop,,
New Computer,ECM-Thawi,ECM-THAWI\Thawi,"All_GLB, ECM",192.168.4.200,Microsoft Windows 11 Pro 10.0.26200,CXLTR34,ECM,2024-06,2029-09-11T00:00:00Z,OptiPlex AIO Plus 7410,Desktop,,
,ECM_lazada,ECM_LAZADA\ECM_Laza,"All_GLB, ECM",192.168.6.142,Microsoft Windows 11 Pro 10.0.22621,9XBNXG3,ECM,2021-09,2026-09-17T00:00:00Z,OptiPlex 3280 AIO,Desktop,,
,EEE-CENTER2,EEE-CENTER2\EEE-CENTER2,"All_GLB, EEE_SM",192.168.4.145,Microsoft Windows 11 Pro 10.0.26200,BJ62W23,EEE,,,OptiPlex 7470 AIO,Desktop,,SPARE
,EEE-SPB01,EEE-SPB01\EEE_SPB,"All_GLB, EEE_SP",192.168.0.66,Microsoft Windows 11 Pro 10.0.26200,FMCBXW3,EEE-SP,2023-04,2028-04-22T00:00:00Z,OptiPlex 5400 AIO,Desktop,F02 2304 1029636 EEE12050101#4201,
,EEE-User2,EEE-USER2\EEEUSER2,"All_GLB, EEE_SM",192.168.4.82,Microsoft Windows 11 Pro 10.0.26100,1X5S9V3,EEE,2023-02,2028-02-24T00:00:00Z,OptiPlex 5400 AIO,Desktop,F02 2302 1029580 EEE11050101 #11104,
,EEE-User2,EEE-USER2\Admin,"All_GLB, EEE_SP",192.168.9.235,Microsoft Windows 11 Home Single Language 10.0.26200,NAN0CV03Y185418,EEE-SP,2023-01,2025-01-08T00:00:00Z,Vivobook_ASUSLaptop X1605EA_X1605EA,Laptop,F02 2301 1029519 EEE12050101#4201,
,ENGUSER,ENGUSER\ENGUSER1,"All_GLB, EEE_SM",192.168.4.101,Microsoft Windows 11 Home Single Language 10.0.26200,N1NRKD03766203A,EEE,,2025-04-10T00:00:00Z,ROG Strix G713IM_GL743IM,Laptop,,
,HR-CCTV,HR-CCTV\HR-CCTV,"All_GLB, HRD_SM",192.168.4.157,Microsoft Windows 11 Pro 10.0.26200,H2Q9KN3,HR,2022-05,2025-04-22T00:00:00Z,OptiPlex 3090,Desktop,F02 2205 1029235 HRD21030001#10201,
,HRD-AIO-002,HRD-AIO-002\SANTI,"All_GLB, HRD_SM",192.168.6.133,Microsoft Windows 11 Pro 10.0.26200,D9XHL24,HR,2024-05,2029-05-02T00:00:00Z,OptiPlex AIO 7420 65W,Desktop,F01 2405 1030518 HRD21030001#10201,
,ICT-4803,ICT-4803\Sujiintra2,"All_GLB, ICT_SM",192.168.4.40,Microsoft Windows 11 Pro 10.0.26200,8XLTR34,ICT,2024-08,2029-08-04T00:00:00Z,OptiPlex AIO Plus 7410,Desktop,F02 2408 1030687 ICT21060001 #8216,
,ICT-ADMIN11,ICT-ADMIN11\GloboFoods,"All_GLB, PRO_SM",192.168.6.89,Microsoft Windows 10 Pro 10.0.19045,BWW59R2,office planning,2018-09,2023-09-20T00:00:00Z,OptiPlex 7450 AIO,Desktop,,SPARE Planing
,ICT-AIO-01,ICT-AIO-01\Kobkij,"All_GLB, ICT_SM",192.168.1.150,Microsoft Windows 11 Pro 10.0.26200,DST8WY3,ICT,2023-09,2028-09-14T00:00:00Z,OptiPlex AIO 7410 35W,Desktop,F02 2309 1030058 ICT21060001 #8216,
,ICT-AIO-02,ICT-AIO-02\Jmezz,"All_GLB, ICT_SM",192.168.1.220,Microsoft Windows 11 Pro 10.0.22631,CST8WY3,ICT,2023-09,2028-09-14T00:00:00Z,OptiPlex AIO 7410 35W,Desktop,F02 2309 1030056 ICT21060001 #8216,
,ICT-Center-1,ICT-CENTER-1\ICT-SuperAdmin,"All_GLB, ICT_SM",192.168.6.120,Microsoft Windows 11 Pro 10.0.26200,PF3NZWGR,ICT,2023-03,2027-03-18T00:00:00Z,21A0S00S00,Laptop,,
,ICT-DAMRONG,ICT-DAMRONG\Damrong,"All_GLB, ICT_SM",192.168.1.83,Microsoft Windows 11 Pro 10.0.26200,1TLTR34,ICT,2024-11,2029-11-24T00:00:00Z,OptiPlex AIO Plus 7410,Desktop,,
,ICT-DEV03,ICT-DEV03\Chanachai,"All_GLB, ICT_SM",192.168.4.237,Microsoft Windows 11 Pro 10.0.26200,FST8WY3,ICT,2023-09,2028-09-14T00:00:00Z,OptiPlex AIO 7410 35W,Desktop,F02 2309 1030057 ICT21060001#8216,
,ICT-FM-MONITOR,ICT-FM-MONITOR\ICT-Monitor,"All_GLB, ICT_SM",192.168.10.99,Microsoft Windows 11 Pro 10.0.26200,8ZXL643,ICT,2020-05,2023-08-30T00:00:00Z,OptiPlex 3070,Desktop,,
,ICT-JAMJAM,ICT-JAMJAM\nantakon,"All_GLB, ICT_SM",192.168.4.123,Microsoft Windows 11 Pro 10.0.26200,53THHZ3,ICT,2023-10,2028-10-17T00:00:00Z,OptiPlex AIO 7410 35W,Desktop,F02 2310 1030130 ICT21060001#8216,
,ICT-MANAPORN,ICT-MANAPORN\Manaporn,"All_GLB, ICT_SM",192.168.6.111,Microsoft Windows 11 Pro 10.0.26200,D1CV0D4,ICT,2025-10,2030-10-14T00:00:00Z,Dell Pro 24 All-in-One QC24251,Desktop,,
New Computer,ICT-MGR,ICT-MGR\ICTMGR,"All_GLB, ICT_SM",192.168.1.23,Microsoft Windows 11 Pro 10.0.26200,PF4J3PB2,ICT,2024-01,2028-09-27T00:00:00Z,21JN00A2TH,Laptop,,
,ICT-NATTHAWUT3,ICT-NATTHAWUT3\Natthawut,"All_GLB, ICT_SM",192.168.9.199,Microsoft Windows 11 Pro 10.0.26200,93THHZ3,ICT,2023-10,2028-10-17T00:00:00Z,OptiPlex AIO 7410 35W,Desktop,F02 2310 1030131 ICT21060001#8216,
,ICT-NITIBODEE-W11,ICT-NITIBODEE-W\nitibodee,"All_GLB, ICT_SM",192.168.1.27,Microsoft Windows 11 Pro 10.0.26200,83THHZ3,ICT,2023-10,2028-10-17T00:00:00Z,OptiPlex AIO 7410 35W,Desktop,F02 2310 1030128 ICT21060001#8216,
,ICT-Phothisan,ICT-PHOTHISAN\Phothisan,"All_GLB, ICT_SM",192.168.1.223,Microsoft Windows 11 Pro 10.0.26200,73THHZ3,ICT,2023-10,2028-10-17T00:00:00Z,OptiPlex AIO 7410 35W,Desktop,F02 2310 1030132 ICT21060001#8216,
,ICT-Tharanut,ICT-THARANUT\Tharanut,"All_GLB, ICT_SM",192.168.1.25,Microsoft Windows 11 Pro 10.0.26200,63THHZ3,ICT,2023-10,2028-10-17T00:00:00Z,OptiPlex AIO 7410 35W,Desktop,F02 2310 10301 27 ICT21060001 #8216,
,ICT-THAWISAK,ICT-THAWISAK\Thawisak,"All_GLB, ICT_SM",192.168.1.123,Microsoft Windows 11 Pro 10.0.26200,4SLTR34,ICT,2024-11,2029-11-24T00:00:00Z,OptiPlex AIO Plus 7410,Desktop,,
,ICT-VACHIRA,ICT-VACHIRA\Vachira,"All_GLB, ICT_SM",192.168.1.98,Microsoft Windows 11 Pro 10.0.26200,43THHZ3,ICT,2023-10,2028-10-17T00:00:00Z,OptiPlex AIO 7410 35W,Desktop,F02 2310 1030120 ICT21060001#8216,
,MEETING-CENTER1,MEETING-CENTER1\Meeting-Center1,"All_GLB, HRD_SM",192.168.6.119,Microsoft Windows 11 Pro 10.0.26200,FPZMY84,HR,2025-04,2030-07-07T00:00:00Z,Latitude 3550,Laptop,F02 1031956 HRD22030001 #0000,
,MEETING-CENTER2,MEETING-CENTER2\Meeting-Center2,"All_GLB, HRD_SM",192.168.6.79,Microsoft Windows 11 Pro 10.0.26200,J10NY84,HR,2025-04,2030-07-07T00:00:00Z,Latitude 3550,Laptop,F02 1031957 HRD22030001 #0000,
,Patcha,PATCHA\Patcha,"All_GLB, SMK_SM",192.168.10.103,Microsoft Windows 10 Pro 10.0.19045,2WD3F13,SMK,2019-12,2024-12-23T00:00:00Z,OptiPlex 7470 AIO,Desktop,F02 1912 1028001 SMK21020001#1206,
,PRO-2M07,PRO-2M07\USER,"All_GLB, PRO_SM",192.168.4.249,Microsoft Windows 11 Pro 10.0.26200,4JXCJ23,sticker,,,OptiPlex 7470 AIO,Desktop,,SPARE
,PRO-Adcharaporn,PRO-ADCHARAPORN\Adcharaporn,"All_GLB, PRO_SM",192.168.4.243,Microsoft Windows 11 Pro 10.0.26200,6RT8WY3,sticker,2023-09,2028-09-14T00:00:00Z,OptiPlex AIO 7410 35W,Desktop,F02 2309 1030065 PRO11013801 #8206,
,PRO-nawaphol-60,PRO-NAWAPHOL-60\nawaphol,"All_GLB, PRO_SM",192.168.6.71,Microsoft Windows 11 Pro 10.0.26200,G3THHZ3,Matchin,2023-10,2028-10-17T00:00:00Z,OptiPlex AIO 7410 35W,Desktop,F02 2310 1030116 PRO11013501 #2210,
,PRO-PATHOMPHOP,PRO-PATHOMPHOP\pathomphop,"All_GLB, PRO_SM",192.168.4.146,Microsoft Windows 11 Pro 10.0.26200,2JPJ504,PRO Sauce,2023-10,2028-11-08T00:00:00Z,OptiPlex AIO 7410 35W,Desktop,F02 2310 1030115 PRO11010301 #2311,
,PRO-PHUSIT,PRO-PHUSIT\Poosit,"All_GLB, PRO_SM",192.168.4.220,Microsoft Windows 11 Pro 10.0.26200,C3THHZ3,PRO Sauce,2023-10,2028-10-17T00:00:00Z,OptiPlex AIO 7410 35W,Desktop,F02 2310 1030114 PRO11010301#2311,
,PRO-praugsachat,PRO-PRAUGSACHAT\preugsachatc,"All_GLB, PRO_SM",192.168.4.209,Microsoft Windows 11 Pro 10.0.26200,3ST8WY3,PRO Mix,2023-09,2028-09-14T00:00:00Z,OptiPlex AIO 7410 35W,Desktop,F02 2309 1030052 PRO11010101#2164,
,PRO-Supranee,PRO-SUPRANEE\Supranee,"All_GLB, PRO_SM",192.168.4.231,Microsoft Windows 11 Pro 10.0.26200,24THHZ3,PRO Sauce,2023-10,2028-10-17T00:00:00Z,OptiPlex AIO 7410 35W,Desktop,F02 2310 1030109 PRO11010301# 2311,
,Pro-Tuenjai,PRO-TUENJAI\tuenjai,"All_GLB, ECM",192.168.4.153,Microsoft Windows 11 Pro 10.0.26200,GQT8WY3,ECM,2023-09,2028-09-14T00:00:00Z,OptiPlex AIO 7410 35W,Desktop,F02 2309 1030049 ECM2020401 #2M11,
,PRO-Yanisa,PRO-YANISA\kanchana,"All_GLB, PRO_SM",192.168.4.126,Microsoft Windows 11 Pro 10.0.26200,J3THHZ3,PRO Sauce,2023-10,2028-10-17T00:00:00Z,OptiPlex AIO 7410 35W,Desktop,F02 2311 1030164 PRO11010301 #2311,
New Computer,PRO-YUNEE,PRO-YUNEE\YUNEE,"All_GLB, PRO_SM",192.168.4.79,Microsoft Windows 11 Pro 10.0.26200,92JM614,2218,2024-02,2029-02-20T00:00:00Z,OptiPlex AIO 7410 35W,Desktop,F02 2402 1030353 PRO11010301 #2218,
,PUR-1310,PUR-1310\Rujirekha,"All_GLB, PUR_SM",192.168.6.20,Microsoft Windows 11 Pro 10.0.26200,8NMV0D4,PUR,2026-01,2031-01-26T00:00:00Z,Dell Pro 24 All-in-One QC24251,Desktop,F02 2601 1032701 PUR21040001#1210,
,PUR-AIO-02,PUR-AIO-02\Duangkamol,"All_GLB, PUR_SM",192.168.4.88,Microsoft Windows 11 Pro 10.0.26200,5RT8WY3,PUR,2023-09,2028-09-14T00:00:00Z,OptiPlex AIO 7410 35W,Desktop,F02 2309 1030045 PUR21040001 #1210,
,PUR-AIO-03,PUR-AIO-03\Kamonporn,"All_GLB, PUR_SM",192.168.10.5,Microsoft Windows 11 Pro 10.0.26200,8RT8WY3,PUR,2023-09,2028-09-14T00:00:00Z,OptiPlex AIO 7410 35W,Desktop,F02 2309 1030044 PUR21040001#1210,
,PUR-AIO-04,PUR-AIO-04\Pojana,"All_GLB, PUR_SM",192.168.10.2,Microsoft Windows 11 Pro 10.0.26200,FBXHL24,PUR,2024-05,2029-05-02T00:00:00Z,OptiPlex AIO 7420 65W,Desktop,F02 2405 1030514 PUR21040001#1210,
,PUR-CENTER,PUR-CENTER\PUR-CENTER,"All_GLB, PUR_SM",192.168.6.68,Microsoft Windows 11 Pro 10.0.26100,9G6DGS3,PUR,2023-01,2026-03-03T00:00:00Z,Latitude 3530,Laptop,F02 2304 1029627 PUR21040001#1210,
New Computer,PUR-Orathai,PUR-ORATHAI\Orathai,"All_GLB, PUR_SM",192.168.6.38,Microsoft Windows 11 Pro 10.0.26200,CVLTR34,PUR,2024-06,2030-02-16T00:00:00Z,OptiPlex AIO Plus 7410,Desktop,F02 2502 1031095 PUR21040001#1210,
,PUR-Suthathip,PUR-SUTHATHIP\ChontichaPUR,"All_GLB, PUR_SM",192.168.6.51,Microsoft Windows 11 Home Single Language 10.0.26200,D0V5JK2,PUR,2022-06,2026-03-29T00:00:00Z,Inspiron 24 5415 All-in-One,Desktop,F02 2206 1029297 PUR21040001#1210,
,PUR-Suthida,PUR-SUTHIDA\pur02,"All_GLB, PUR_SM",192.168.6.21,Microsoft Windows 11 Home Single Language 10.0.26200,C8V5JK2,PUR,2022-07,2026-03-29T00:00:00Z,Inspiron 24 5415 All-in-One,Desktop,F02 2207 1029346 PUR21040001#1210,
,PUR-WANLAPA,PUR-WANLAPA\wanlapa2,"All_GLB, PUR_SM",192.168.10.4,Microsoft Windows 11 Home Single Language 10.0.26200,6082NM3,PUR,2022-08,2026-03-29T00:00:00Z,Inspiron 24 5415 All-in-One,Desktop,F02 2208 1029403 PUR21040001#1210,
,QA-01,QA-01\QA,"All_GLB, QA_SM",192.168.4.156,Microsoft Windows 11 Pro 10.0.26200,BCT5TC3,QA-RAWMATERRIA,2021-03,2026-03-24T00:00:00Z,OptiPlex 7480 AIO,Desktop,F02 2103 1028743 QAD 11030001#9203,
New Computer,QA-Meetingroom,QA-MEETINGROOM\QA-Meeting,"All_GLB, QA_SM",192.168.6.78,Microsoft Windows 11 Pro 10.0.26100,9S4P874,QAD F.2,2025-03,2028-06-11T00:00:00Z,OptiPlex Micro 7020,Desktop,,
,QS-AIO-02,QS-AIO-02\areeyaporn,"All_GLB, QS_SM",192.168.4.193,Microsoft Windows 11 Pro 10.0.26200,DQT8WY3,QS,2023-09,2028-09-14T00:00:00Z,OptiPlex AIO 7410 35W,Desktop,F02 2309 1030067 QSS21010101#1208,
,RD-Boonyaon-SPB,RD-BOONYAON-SPB\RDSPB1,"All_GLB, RD_SP",192.168.9.189,Microsoft Windows 11 Pro 10.0.26200,DRT8WY3,RD-SPB,2023-09,2028-09-14T00:00:00Z,OptiPlex AIO 7410 35W,Desktop,F02 2309 1030064 RDD12040001#8201,
,RD-CHANIDA-SPB,RD-CHANIDA-SPB\chanida,"All_GLB, RD_SP",192.168.5.18,Microsoft Windows 11 Pro 10.0.26200,6ST8WY3,RD-SPB,2023-09,2028-09-14T00:00:00Z,OptiPlex AIO 7410 35W,Desktop,F02 2309 1030063 RDD12040001#8201,
,RD-Natcha,RD-NATCHA\natcha,"All_GLB, RD_SM",192.168.4.69,Microsoft Windows 11 Home Single Language 10.0.26200,8DM5JK2,RD,2022-05,2026-03-29T00:00:00Z,Inspiron 24 5415 All-in-One,Desktop,F02 2205 1029257 RDD11040001#8234,
,RD-PATTARATICHA,RD-PATTARATICHA\Pattaraticha,"All_GLB, RD_SM",192.168.4.189,Microsoft Windows 11 Pro 10.0.26200,3XLTR34,RD,2025-03,2029-09-11T00:00:00Z,OptiPlex AIO Plus 7410,Desktop,F02 2503 1031274 RDD11040001#8234,
,saengdao,SAENGDAO\wahuser,"All_GLB, WAH_SM",192.168.10.150,Microsoft Windows 11 Home Single Language 10.0.26200,3XT5JK2,WAH Checking,2022-05,2026-03-29T00:00:00Z,Inspiron 24 5415 All-in-One,Desktop,F02 2205 1029273 WAH11020001#8118,
,SMK-1206-AIO10,SMK-1206-AIO10\Wannathida,"All_GLB, SMK_SM",192.168.10.102,Microsoft Windows 11 Pro 10.0.26200,7XXQRD3,SMK,2021-05,2026-05-20T00:00:00Z,OptiPlex 7480 AIO,Desktop,F02 2105 1028834 SMK 21020001#1206,
,SMK-1206-PC38,SMK-1206-PC38\tassaya,"All_GLB, SMK_SM",192.168.10.92,Microsoft Windows 11 Pro 10.0.22631,CS5DXM3,SMK,2022-03,2027-03-23T00:00:00Z,OptiPlex 7490 AIO,Desktop,F02 2203 1029173 SMK21029991#1206,
,SMK-1524,SMK-1524\Kunchalee,"All_GLB, SMK_SM",192.168.4.168,Microsoft Windows 11 Pro 10.0.26200,1ZLTR34,SMK,2024-08,2029-08-04T00:00:00Z,OptiPlex AIO Plus 7410,Desktop,F02 2408 1030681 SMK21020001#1206,
,SMK-1524,SMK-1524\Kunchalee,"All_GLB, SMK_SM",192.168.4.168,Microsoft Windows 11 Pro 10.0.26200,1ZLTR34,SMK,2024-06,2029-08-04T00:00:00Z,OptiPlex AIO Plus 7410,Desktop,F02 2408 1030681 SMK21020001#1206,
,SMK-1529,SMK-1529\Sureepohn,"All_GLB, SMK_SM",192.168.10.110,Microsoft Windows 11 Pro 10.0.26200,JRLTR34,SMK,2024-11,2029-11-24T00:00:00Z,OptiPlex AIO Plus 7410,Desktop,,
,SMK-1541,SMK-1541\Patcharee,"All_GLB, SMK_SM",192.168.4.226,Microsoft Windows 11 Pro 10.0.26200,9SLTR34,SMK,2024-08,2029-08-04T00:00:00Z,OptiPlex AIO Plus 7410,Desktop,F02 2408 1030679 SMK21020001#1206,
,SMK-AIO-012,SMK-AIO-012\Amporn,"All_GLB, SMK_SM",192.168.6.61,Microsoft Windows 11 Pro 10.0.26200,GBXHL24,SMK,2024-05,2029-05-06T00:00:00Z,OptiPlex AIO 7420 65W,Desktop,F02 2405 1030517 SMK21020001#1206,
,SMK-AIO-025,SMK-AIO-025\Tuswalee,"All_GLB, SMK_SM",192.168.10.107,Microsoft Windows 11 Pro 10.0.26200,1BXHL24,SMK,2024-05,2029-05-02T00:00:00Z,OptiPlex AIO 7420 65W,Desktop,F02 2405 1030519 SMK21020001#1206,
,SMK-AIO-031,SMK-AIO-031\Naphassorn,"All_GLB, SMK_SM",192.168.4.43,Microsoft Windows 11 Pro 10.0.26200,JBXHL24,SMK,2024-05,2029-05-02T00:00:00Z,OptiPlex AIO 7420 65W,Desktop,F02 2405 1030520 SMK21020001#1206,
,SMK-AIO-036,SMK-AIO-036\Aneeya,"All_GLB, SMK_SM",192.168.4.211,Microsoft Windows 11 Pro 10.0.26200,HQT8WY3,SMK,2023-09,2028-09-14T00:00:00Z,OptiPlex AIO 7410 35W,Desktop,FO2 2309 1030043 SMK21020001#1206,
,SMK-ARAN,SMK-ARAN\Aran,"All_GLB, SMK_SM",192.168.10.169,Microsoft Windows 11 Pro 10.0.26200,59PTS14,SMK,2024-02,2029-03-19T00:00:00Z,OptiPlex AIO 7410 35W,Desktop,F02 2403 1030450 SMK21020001#1206,
,SMK-Chotima,SMK-CHOTIMA\Chotima,"All_GLB, SMK_SM",192.168.10.108,Microsoft Windows 11 Pro 10.0.26200,6YLTR34,SMK,2024-08,2029-08-04T00:00:00Z,OptiPlex AIO Plus 7410,Desktop,F02 2408 1030680 SMK 21020001#1206,
,SMK-JANJIRA,SMK-JANJIRA\janjiraSMK,"All_GLB, SMK_SM",192.168.4.175,Microsoft Windows 11 Pro 10.0.26200,4J97ZB4,SMK,2025-07,2030-10-31T00:00:00Z,Latitude 3550,Laptop,F02 2508 1032371 SMK 21020001#1206,
,SMK-Jariya,SMK-JARIYA\Jariya,"All_GLB, SMK_SM",192.168.4.39,Microsoft Windows 11 Pro 10.0.26200,PF4T0CHK,SMK,2024-11,2027-11-10T00:00:00Z,21E6S12000,Laptop,F02 2411 1030945 SMK21020001#1206,
,SMK-Kanchala,SMK-KANCHALA\Kanchala,"All_GLB, SMK_SM",192.168.4.248,Microsoft Windows 11 Pro 10.0.26200,6XF9LX3,SMK,2023-09,2028-09-14T00:00:00Z,Latitude 3540,Laptop,F02 2309 1030059 SMK21020001#1206,
,SMK-Kriangsak,SMK-KRIANGSAK\Kriangsak,"All_GLB, SMK_SM",192.168.6.64,Microsoft Windows 11 Pro 10.0.22000,FBV0N93,SMK,2021-02,2026-02-19T00:00:00Z,Latitude 3510,Laptop,F02 2102 1028661 SMK 1020001#1206,
,SMK-NB-005,SMK-NB-005\Surathep,"All_GLB, SMK_SM",192.168.6.30,Microsoft Windows 11 Pro 10.0.26200,MP2LFNYA,SMK,2024-05,2029-05-10T00:00:00Z,21JD,Laptop,F02 2405 1030510 SMK21020001#1206,
,SMK-Sajee,SMK-SAJEE\Sajee,"All_GLB, SMK_SM",192.168.6.130,Microsoft Windows 11 Pro 10.0.22631,BRFZN34,SMK,2024-07,2029-07-20T00:00:00Z,Latitude 3540,Laptop,F02 2407 1027720 SMK21020001#1206,
,SMK-Sasinarin,SMK-SASINARIN\sasinarin,"All_GLB, SMK_SM",192.168.6.40,Microsoft Windows 11 Pro 10.0.26200,5XF9LX3,SMK,2023-09,2028-09-14T00:00:00Z,Latitude 3540,Laptop,F02 2309 1030060 SMK21020001#1206,
,SMK-SITTIPONG,SMK-SITTIPONG\Sittipong,"All_GLB, SMK_SM",192.168.10.111,Microsoft Windows 11 Pro 10.0.26200,B1QGGL3,SMK,2023-03,2027-03-23T00:00:00Z,Latitude 3520,Laptop,,
,SMK-VETANEE,SMK-VETANEE\vetanee,"All_GLB, SMK_SM",192.168.4.234,Microsoft Windows 11 Pro 10.0.26200,BS5DXM3,SMK,2022-03,2027-03-23T00:00:00Z,OptiPlex 7490 AIO,Desktop,F02 2203 1029172 SMK21020001#1206,
,Sp-Sompong-B1,SP-SOMPONG-B1\Sompong,"All_GLB, PRO_SP",192.168.5.26,Microsoft Windows 11 Pro 10.0.26200,94THHZ3,PRO-SP,2023-10,2028-10-17T00:00:00Z,OptiPlex AIO 7410 35W,Desktop,,
,SpHrdWAREEB1,SPHRDWAREEB1\WareeHR,"All_GLB, HRD_SP",192.168.5.152,Microsoft Windows 11 Home Single Language 10.0.26200,9YT5JK2,HR-SP,2022-05,2026-03-29T00:00:00Z,Inspiron 24 5415 All-in-One,Desktop,F02 2205 1029260 HRD22030001#0000,
,SpPro-Panya-B3,SPPRO-PANYA-B3\panya,"All_GLB, WAH_SP",192.168.5.197,Microsoft Windows 10 Pro 10.0.19045,2X1ZKG2,WAH-SP,2016-10,2021-10-23T00:00:00Z,OptiPlex 3240 AIO,Desktop,F02 1610 1012964 WAH12020301#20101,
New Computer,WAH-Channarong,WAH-CHANNARONG\Channarong,"All_GLB, WAH_SM",192.168.4.156,Microsoft Windows 11 Pro 10.0.26100,8TLTR34,WAH Finished,2024-11,2029-11-24T00:00:00Z,OptiPlex AIO Plus 7410,Desktop,F02 2411 1030957 WAH11020001#4104,
,WAH-Nipapon,WAH-NIPAPON\nipapon,"All_GLB, WAH_SM",192.168.4.203,Microsoft Windows 11 Home Single Language 10.0.26200,3YT5JK2,WAH Finished,2022-05,2026-03-29T00:00:00Z,Inspiron 24 5415 All-in-One,Desktop,F02 2205 1029270 WAH11020001#4104,